Weight,Length,Height,Width,Price
200,50,3,10,150
200,50,3,10,150
200,50,3,10,150
200,50,3,10,150
200,50,3,10,150
200,50,3,10,150
200,50,3,10,150
200,50,3,10,150
200,50,3,10,150
250,,3,10,150
250,50,3,10,150
250,50,3,10,150
250,50,3,10,150
250,50,3,10,150
250,50,3,10,150
250,50,3,10,150
250,50,3,10,150
250,50,3,10,150
250,50,3,10,150
250,55,3,10,150
250,55,4,10,150
300,55,4,10,150
300,55,4,10,150
300,55,4,10,150
300,55,4,10,150
300,55,4,10,150
300,55,4,10,150
300,55,4,10,150
400,55,4,8.4,150
,55,4,8.4,150
400,55,4,8.4,150
400,55,4,8.4,150
400,55,4,8.4,150
400,55,4,8.4,150
400,55,4,8.4,150
400,55,4,8.4,150
400,55,4,8.4,150
400,55,4,8.4,150
400,55,4,8.4,150
400,55,4,8.4,150
450,55,4,8.4,150
450,55,4,8.4,150
450,55,4,8.4,150
450,55,4,,150
450,55,4,8.4,150
450,55,4,8.4,150
450,55,4,8.4,150
450,55,4,8.4,150
450,55,4,8.4,150
450,55,4,8.4,150
450,55,4,8.4,150
450,55,4,8.4,150
480,55,4,8.4,150
480,,4,8.4,150
480,55,,8.4,150
480,55,4,8.4,800
480,55,4,8.4,800
480,55,4,8.4,800
480,55,4,8.4,800
480,55,4,8.4,800
480,55,4,8.4,800
480,55,4,8.4,350
480,55,4,8.4,350
480,55,4,8.4,350
480,55,4,8.4,350
480,55,4,8.4,350
,55,4,,350
490,55,4,8.4,350
490,55,4,8.2,350
490,55,4,8.2,350
490,55,4,8.2,350
490,55,4,8.2,350
490,55,4,8.2,340
490,55,4,8.2,450
490,55,4,8.2,450
490,55,4,8.2,450
490,55,4,8.2,450
490,55,4,8.2,450
490,55,4,8.2,450
490,55,,8.2,450
490,55,5,8.2,450
490,55,5,8.2,450
490,55,5,8.2,450
490,55,5,8.2,450
500,55,5,8.2,450
500,55,5,8.2,450
500,55,5,8.2,450
500,55,5,6.7,450
500,55,5,6.7,450
,55,5,6.7,450
500,55,5,6.7,450
500,55,5,6.7,450
500,55,5,6.7,450
500,59,5,6.7,450
500,59,5,6.7,450
500,59,5,6.7,450
500,59,5,6.7,450
500,59,5.3,,450
500,59,5.3,6.7,450
500,59,5.3,6.7,450
500,59,5.3,6.7,450
500,59,5.3,6.7,450
500,59,5.3,6.7,450
500,59,5.3,6.7,450
500,,5.3,6.7,450
500,59,,6.7,450
500,59,5.3,6.7,450
500,59,5.3,6.7,450
500,59,5.3,6.7,450
500,59,5.3,6.7,450
500,59,5.3,6.7,450
500,59,5.3,6.7,450
500,59,5.3,6.7,450
500,59,,6.7,450
550,59,5.3,6.7,450
550,59,5.3,6.7,450
550,59,5.3,6.7,450
550,59,5.3,6.7,450
550,59,5.3,6.7,450
550,59,5.8,6.7,450
550,59,5.8,6.7,450
550,55,5.8,6.7,450
550,60,5.8,6.7,450
550,60,5.8,6.7,450
550,,5.8,6.7,450
550,60,5.8,6.7,450
550,60,5.8,6,450
550,60,5.8,6,450
550,60,5.8,6,280
550,60,5.8,6,280
550,65,5.8,6,280
550,65,5.8,6,280
550,65,5.8,6,280
550,65,5.8,6,280
550,65,5.8,6,280
550,65,5.8,6,280
550,65,5.8,6,280
550,65,6,6,280
550,65,,6,280
550,65,6,6,280
550,65,6,6,280
550,65,6,6,280
550,65,6,6,280
700,65,6,6,280
700,65,6.3,6,280
700,65,6.3,5,550
700,65,6.3,5,550
700,86,6.3,5,550
700,86,6.3,5,550
700,86,6.3,5,550
700,86,6.3,5,550
700,86,6.3,5,550
700,86,6.3,5,550
700,86,7,5,550
700,86,7,5,550
700,86,7,5,550
700,86,7,5,550
700,86,7,5,550
700,86,7,5,550
